{"meta": {"format": 3, "version": "7.6.10", "timestamp": "2025-02-20T12:23:18.232693", "branch_coverage": true, "show_contexts": false}, "files": {"./bot/exts/moderation/infraction/management.py": {"executed_lines": [1, 2, 3, 4, 6, 7, 8, 9, 10, 12, 13, 14, 15, 16, 17, 18, 19, 20, 21, 22, 23, 24, 25, 27, 29, 31, 32, 33, 35, 43, 44, 46, 48, 49, 52, 59, 61, 62, 66, 67, 84, 85, 108, 109, 147, 148, 149, 281, 323, 324, 347, 351, 352, 353, 386, 402, 404, 405, 406, 407, 408, 427, 476, 486, 487, 497, 506, 521], "summary": {"covered_lines": 58, "num_statements": 240, "percent_covered": 18.181818181818183, "percent_covered_display": "18", "missing_lines": 182, "excluded_lines": 12, "num_branches": 90, "num_partial_branches": 4, "covered_branches": 2, "missing_branches": 88}, "missing_lines": [64, 74, 75, 76, 78, 82, 87, 88, 89, 91, 92, 93, 94, 95, 97, 98, 99, 101, 102, 104, 139, 141, 142, 143, 145, 192, 194, 196, 198, 199, 200, 202, 203, 204, 206, 207, 209, 210, 211, 212, 213, 215, 216, 217, 218, 220, 222, 223, 224, 225, 230, 233, 239, 240, 243, 245, 246, 249, 250, 252, 253, 254, 255, 256, 258, 263, 264, 266, 267, 268, 270, 271, 273, 277, 279, 299, 300, 302, 303, 304, 305, 307, 309, 310, 312, 317, 318, 320, 321, 322, 326, 327, 332, 334, 335, 337, 339, 340, 342, 343, 344, 345, 357, 358, 359, 364, 365, 378, 379, 381, 382, 384, 394, 395, 400, 401, 414, 415, 416, 418, 428, 429, 431, 433, 443, 445, 446, 447, 448, 450, 451, 452, 454, 455, 456, 457, 458, 459, 460, 461, 463, 464, 465, 467, 468, 469, 471, 473, 474, 475, 478, 479, 480, 481, 483, 488, 490, 492, 494, 496, 499, 500, 502, 503, 505, 507, 508, 513, 515, 519, 522, 524, 525, 526, 527, 529, 530, 531, 533, 534, 537, 539], "excluded_lines": [178, 179, 180, 181, 182, 183, 185, 186, 187, 188, 189, 190], "executed_branches": [[52, -48], [52, 59]], "missing_branches": [[74, 75], [74, 78], [87, 88], [87, 91], [93, 94], [93, 97], [101, 102], [101, 104], [141, 142], [141, 145], [192, 194], [192, 196], [202, 203], [202, 209], [203, 204], [203, 206], [209, 210], [209, 212], [212, 213], [212, 220], [222, 223], [222, 230], [243, 245], [243, 263], [245, 246], [245, 249], [249, 250], [249, 258], [252, 253], [252, 258], [254, 255], [254, 256], [266, 267], [266, 270], [273, 277], [273, 279], [302, 303], [302, 304], [304, 305], [304, 307], [317, 318], [317, 320], [320, 321], [320, 324], [334, 335], [334, 337], [357, 358], [357, 359], [378, 379], [378, 381], [381, 382], [381, 384], [414, 415], [414, 416], [427, 428], [427, 431], [451, 452], [451, 454], [455, 456], [455, 457], [457, 458], [457, 459], [459, 460], [459, 461], [464, 465], [464, 467], [468, 469], [468, 471], [474, 475], [474, 483], [475, 476], [475, 478], [479, 480], [479, 481], [483, 486], [483, 488], [494, 496], [494, 499], [506, 507], [506, 508], [524, 525], [524, 529], [525, -522], [525, 526], [529, -522], [529, 530], [530, 531], [530, 533]], "functions": {"ModManagement.__init__": {"executed_lines": [49, 52, 59], "summary": {"covered_lines": 3, "num_statements": 3, "percent_covered": 100.0, "percent_covered_display": "100", "missing_lines": 0, "excluded_lines": 0, "num_branches": 2, "num_partial_branches": 0, "covered_branches": 2, "missing_branches": 0}, "missing_lines": [], "excluded_lines": [], "executed_branches": [[52, -48], [52, 59]], "missing_branches": []}, "ModManagement.infractions_cog": {"executed_lines": [], "summary": {"covered_lines": 0, "num_statements": 1, "percent_covered": 0.0, "percent_covered_display": "0", "missing_lines": 1, "excluded_lines": 0, "num_branches": 0, "num_partial_branches": 0, "covered_branches": 0, "missing_branches": 0}, "missing_lines": [64], "excluded_lines": [], "executed_branches": [], "missing_branches": []}, "ModManagement.infraction_group": {"executed_lines": [], "summary": {"covered_lines": 0, "num_statements": 5, "percent_covered": 0.0, "percent_covered_display": "0", "missing_lines": 5, "excluded_lines": 0, "num_branches": 2, "num_partial_branches": 0, "covered_branches": 0, "missing_branches": 2}, "missing_lines": [74, 75, 76, 78, 82], "excluded_lines": [], "executed_branches": [], "missing_branches": [[74, 75], [74, 78]]}, "ModManagement.infraction_resend": {"executed_lines": [], "summary": {"covered_lines": 0, "num_statements": 14, "percent_covered": 0.0, "percent_covered_display": "0", "missing_lines": 14, "excluded_lines": 0, "num_branches": 6, "num_partial_branches": 0, "covered_branches": 0, "missing_branches": 6}, "missing_lines": [87, 88, 89, 91, 92, 93, 94, 95, 97, 98, 99, 101, 102, 104], "excluded_lines": [], "executed_branches": [], "missing_branches": [[87, 88], [87, 91], [93, 94], [93, 97], [101, 102], [101, 104]]}, "ModManagement.infraction_append": {"executed_lines": [], "summary": {"covered_lines": 0, "num_statements": 5, "percent_covered": 0.0, "percent_covered_display": "0", "missing_lines": 5, "excluded_lines": 0, "num_branches": 2, "num_partial_branches": 0, "covered_branches": 0, "missing_branches": 2}, "missing_lines": [139, 141, 142, 143, 145], "excluded_lines": [], "executed_branches": [], "missing_branches": [[141, 142], [141, 145]]}, "ModManagement.infraction_edit": {"executed_lines": [281], "summary": {"covered_lines": 1, "num_statements": 51, "percent_covered": 1.2987012987012987, "percent_covered_display": "1", "missing_lines": 50, "excluded_lines": 2, "num_branches": 26, "num_partial_branches": 0, "covered_branches": 0, "missing_branches": 26}, "missing_lines": [192, 194, 196, 198, 199, 200, 202, 203, 204, 206, 207, 209, 210, 211, 212, 213, 215, 216, 217, 218, 220, 222, 223, 224, 225, 230, 233, 239, 240, 243, 245, 246, 249, 250, 252, 253, 254, 255, 256, 258, 263, 264, 266, 267, 268, 270, 271, 273, 277, 279], "excluded_lines": [178, 185], "executed_branches": [], "missing_branches": [[192, 194], [192, 196], [202, 203], [202, 209], [203, 204], [203, 206], [209, 210], [209, 212], [212, 213], [212, 220], [222, 223], [222, 230], [243, 245], [243, 263], [245, 246], [245, 249], [249, 250], [249, 258], [252, 253], [252, 258], [254, 255], [254, 256], [266, 267], [266, 270], [273, 277], [273, 279]]}, "ModManagement.infraction_edit.cov_if": {"executed_lines": [], "summary": {"covered_lines": 0, "num_statements": 0, "percent_covered": 100.0, "percent_covered_display": "100", "missing_lines": 0, "excluded_lines": 5, "num_branches": 0, "num_partial_branches": 0, "covered_branches": 0, "missing_branches": 0}, "missing_lines": [], "excluded_lines": [179, 180, 181, 182, 183], "executed_branches": [], "missing_branches": []}, "ModManagement.infraction_edit.cov_for": {"executed_lines": [], "summary": {"covered_lines": 0, "num_statements": 0, "percent_covered": 100.0, "percent_covered_display": "100", "missing_lines": 0, "excluded_lines": 5, "num_branches": 0, "num_partial_branches": 0, "covered_branches": 0, "missing_branches": 0}, "missing_lines": [], "excluded_lines": [186, 187, 188, 189, 190], "executed_branches": [], "missing_branches": []}, "ModManagement.infraction_search_group": {"executed_lines": [], "summary": {"covered_lines": 0, "num_statements": 5, "percent_covered": 0.0, "percent_covered_display": "0", "missing_lines": 5, "excluded_lines": 0, "num_branches": 4, "num_partial_branches": 0, "covered_branches": 0, "missing_branches": 4}, "missing_lines": [302, 303, 304, 305, 307], "excluded_lines": [], "executed_branches": [], "missing_branches": [[302, 303], [302, 304], [304, 305], [304, 307]]}, "ModManagement.search_user": {"executed_lines": [323, 324], "summary": {"covered_lines": 1, "num_statements": 13, "percent_covered": 5.2631578947368425, "percent_covered_display": "5", "missing_lines": 12, "excluded_lines": 0, "num_branches": 6, "num_partial_branches": 0, "covered_branches": 0, "missing_branches": 6}, "missing_lines": [312, 317, 318, 320, 321, 322, 326, 327, 332, 334, 335, 337], "excluded_lines": [], "executed_branches": [], "missing_branches": [[317, 318], [317, 320], [320, 321], [320, 324], [334, 335], [334, 337]]},